
{
    "region" : "us-east-1",
    "configuration" : "Debug",
    "framework"     : "netcoreapp3.1",
    "self-contained" : false,
    "application"    : "SparklingHome",
    "environment"    : "SparklingHome-test",
    "enable-xray"    : true,
    "enhanced-health-type" : "enhanced",
    "additional-options"   : "\"aws:autoscaling:launchconfiguration,SecurityGroups\"=\"sg-0a92206f2dbdd75aa,sg-0070fd0715f556ebb\";\"aws:ec2:vpc,Subnets\"=\"subnet-0f5ba449ac5c268af\"",
    "solution-stack"       : "64bit Amazon Linux 2 v2.5.3 running .NET Core",
    "environment-type"     : "SingleInstance",
    "cname"                : "sparklinghome-test",
    "instance-type"        : "t2.micro",
    "key-pair"             : "",
    "instance-profile"     : "LabInstanceProfile",
    "service-role"         : "LabRole",
    "proxy-server"         : "nginx"
}